{
  "roc_auc": 0.6562,
  "avg_precision": 0.7911525661340731,
  "confusion_matrix": [
    [
      26,
      74
    ],
    [
      25,
      175
    ]
  ],
  "classification_report": {
    "0": {
      "precision": 0.5098039215686274,
      "recall": 0.26,
      "f1-score": 0.3443708609271523,
      "support": 100.0
    },
    "1": {
      "precision": 0.7028112449799196,
      "recall": 0.875,
      "f1-score": 0.779510022271715,
      "support": 200.0
    },
    "accuracy": 0.67,
    "macro avg": {
      "precision": 0.6063075832742735,
      "recall": 0.5675,
      "f1-score": 0.5619404415994336,
      "support": 300.0
    },
    "weighted avg": {
      "precision": 0.6384754705094889,
      "recall": 0.67,
      "f1-score": 0.6344636351568608,
      "support": 300.0
    }
  }
}